{
  "n_samples": 1159,
  "cv_rmse_rf": 11.154573963198393,
  "cv_rmse_gb": 11.854130817893235,
  "selected": "RandomForest",
  "test_rmse": 10.68895657204025,
  "feature_importances": {
    "instruction_count": 0.16451146387173005,
    "basic_block_count": 0.013493482913081634,
    "cfg_edges": 0.015004543674698162,
    "branch_count": 0.2567208492404829,
    "phi_count": 0.18985851818462898,
    "loop_depth_max": 0.008598522954322018,
    "call_count": 0.03860504753629518,
    "load_store_count": 0.02542146641720355,
    "arithmetic_ops": 0.05625032079736523,
    "cast_ops": 0.05247320220308107,
    "cyclomatic_complexity": 0.0314947433655909,
    "alias_query_density": 0.06922998231118634,
    "type_graph_complexity": 0.01713251121331488,
    "inst_per_bb": 0.034031487417978144,
    "calls_per_bb": 0.027173857899041066
  },
  "pearson_r": 0.9325080952618061,
  "pval": 0.0,
  "label_scope": "function"
}