{
  "n_samples": 1159,
  "cv_rmse_rf": 6.346644286215385,
  "cv_rmse_gb": 6.57813281115386,
  "selected": "RandomForest",
  "test_rmse": 5.424526326380201,
  "feature_importances": {
    "instruction_count": 0.04864951358404719,
    "basic_block_count": 0.03034484590888556,
    "cfg_edges": 0.024306682847724116,
    "branch_count": 0.02899599339171265,
    "phi_count": 0.13041500927765998,
    "loop_depth_max": 0.0,
    "call_count": 0.06983887164737132,
    "load_store_count": 0.05950701092167498,
    "arithmetic_ops": 0.16361609333786725,
    "cast_ops": 0.03669534005850694,
    "cyclomatic_complexity": 0.025623062742776787,
    "alias_query_density": 0.15256653190580205,
    "type_graph_complexity": 0.048014082008863604,
    "inst_per_bb": 0.08712268155341257,
    "calls_per_bb": 0.09430428081369494
  },
  "pearson_r": 0.9426956069743513,
  "pval": 0.0
}