file,mean,median,max,count
test/complex.ll,7.1467856131576815,7.712129863095247,8.302446730158746,4
test/sample.ll,6.052915221847598,5.639831966269843,7.658477702991463,3
testcases/alias_heavy.ll,4.344705170634923,4.344705170634923,4.344705170634923,1
testcases/branchy_loop.ll,8.102069267704538,8.102069267704538,8.102069267704538,1
testcases/complex.ll,7.1467856131576815,7.712129863095247,8.302446730158746,4
testcases/sample.ll,6.052915221847598,5.639831966269843,7.658477702991463,3
testcases/type_complex.ll,6.054360238095233,6.054360238095233,6.054360238095233,1
